{
  "param_names": [
    "base_model_id",
    "base_is_training_family",
    "base_foot_length",
    "base_foot_width",
    "base_arch_lift",
    "base_leg_length",
    "base_toe_splay",
    "scale_x",
    "scale_y",
    "scale_z",
    "E_flesh",
    "E_bone",
    "E_joint",
    "E_collar",
    "E_heel",
    "E_forefoot",
    "E_plantar",
    "E_achilles",
    "friction",
    "early_down_disp",
    "peak_down_disp",
    "final_down_disp",
    "forward_disp",
    "peak_time",
    "lateral_disp",
    "toe_off_bias",
    "heel_toe_roll",
    "arch_lift"
  ],
  "params_mean": [
    0.0,
    0.0,
    0.0,
    0.0,
    0.0,
    0.0,
    0.0,
    1.0009775161743164,
    0.9997035264968872,
    1.0105096101760864,
    0.8960940837860107,
    3526.527099609375,
    0.3617819845676422,
    5.147642612457275,
    0.22566954791545868,
    0.2726384401321411,
    9.043705940246582,
    7.58023738861084,
    0.33582738041877747,
    -0.042856913059949875,
    -0.119051493704319,
    -0.06676564365625381,
    0.29382142424583435,
    0.6174454689025879,
    0.0,
    0.0,
    0.0,
    0.0
  ],
  "params_std": [
    1.0,
    1.0,
    1.0,
    1.0,
    1.0,
    1.0,
    1.0,
    0.03307526186108589,
    0.0586271695792675,
    0.03483322635293007,
    0.19883032143115997,
    893.5154418945312,
    0.10563009232282639,
    1.7337970733642578,
    0.0735940933227539,
    0.08624489605426788,
    2.886681318283081,
    2.6280579566955566,
    0.11432322859764099,
    0.009851997718214989,
    0.022767700254917145,
    0.018697893247008324,
    0.07395894825458527,
    0.0697467029094696,
    1.0,
    1.0,
    1.0,
    1.0
  ],
  "node_pos_mean": [
    1.8647247552871704,
    -1.0669471528501617e-08,
    0.7153894305229187
  ],
  "node_pos_std": [
    1.0553594827651978,
    0.33655187487602234,
    0.8843039274215698
  ],
  "node_disp_mean": [
    0.11065110564231873,
    5.118730526249005e-12,
    -0.02362978458404541
  ],
  "node_disp_std": [
    0.12216047942638397,
    0.0027738893404603004,
    0.03353437781333923
  ],
  "element_pos_mean": [
    1.864994764328003,
    -8.627801806326829e-10,
    0.7090683579444885
  ],
  "element_pos_std": [
    1.0055674314498901,
    0.28543296456336975,
    0.8637456297874451
  ],
  "stress_mean": [
    -0.012281098403036594,
    -0.0024797264486551285,
    -0.08140615373849869,
    -1.8538358348418882e-11,
    -4.829926325555789e-08,
    0.08910879492759705
  ],
  "stress_std": [
    0.5272022485733032,
    0.22775757312774658,
    2.4730870723724365,
    0.06479936093091965,
    0.09392143040895462,
    0.23570986092090607
  ],
  "vm_mean": [
    0.8114259243011475
  ],
  "vm_std": [
    2.3848836421966553
  ],
  "contact_mean": [
    0.0022583785466849804,
    0.01586153544485569
  ],
  "contact_std": [
    0.0022587256971746683,
    0.020376797765493393
  ],
  "pressure_mean": [
    0.01586141251027584
  ],
  "pressure_std": [
    0.02037600241601467
  ],
  "stats_sample_count": 501
}